Illegal string, object
o??X?n, Object
 w)???, null
?RrEa?, PairOfDoubleCoefficients
E*a"i?, PairOfDoubleCoefficients
0????, PairOfDoubleCoefficients
t?6??, PairOfDoubleCoefficients
???oy?n, PairOfDoubleCoefficients
????"??, PairOfDoubleCoefficients
~ah5.2?, Object
???'?r?, null
N?]?, PairOfDoubleCoefficients
?2f?/R?, Object
???,, Object
????, null
??I7?X, PairOfDoubleCoefficients
J?z???, TripleOfDoubleBinaryOperators
?dX????, null
?r???, TripleOfDoubleBinaryOperators
?o]f?, PairOfDoubleCoefficients
Y?m?, null
6hA?1\b, null
i???7R?, TripleOfDoubleBinaryOperators
p??iB?, PairOfDoubleCoefficients
?iuv?0, null
?????, Object
, Object
?l~.?, null
?[?7??, TripleOfDoubleBinaryOperators
"???%?, TripleOfDoubleBinaryOperators
??(?, PairOfDoubleCoefficients
??e?K?, null
Ulv??Z1, TripleOfDoubleBinaryOperators
????, null
f??f?, TripleOfDoubleBinaryOperators
Btg?#, PairOfDoubleCoefficients
??M???, Object
?=??&?, PairOfDoubleCoefficients
??\/??, null
?PL??|, Object
?H[[?, null
	?p??, null
?????, TripleOfDoubleBinaryOperators
??GC???, TripleOfDoubleBinaryOperators
n??;?, Object
??-?4?, TripleOfDoubleBinaryOperators
9c???, TripleOfDoubleBinaryOperators
e?9Qf??, null
l?	???, Object
M????, null
?v?????, Object
`px??!, null
?W7R`??, TripleOfDoubleBinaryOperators
??m?ur, TripleOfDoubleBinaryOperators
I????2, Object
wM)&?, PairOfDoubleCoefficients
????v?, Object
??h?{_3, null
?-)C??, null

?1 ?x, PairOfDoubleCoefficients
?{?(x, TripleOfDoubleBinaryOperators
9U?As?, Object
??????, TripleOfDoubleBinaryOperators
?C??O, Object
??? ?, TripleOfDoubleBinaryOperators
&?z6?,, TripleOfDoubleBinaryOperators
r???[, Object
?%???, null
P?)U#?, TripleOfDoubleBinaryOperators
?C?Kq, TripleOfDoubleBinaryOperators
??W?, null
[q?, Object
[????4?, TripleOfDoubleBinaryOperators
h?X?z, TripleOfDoubleBinaryOperators
\] ???, PairOfDoubleCoefficients
???C|??, Object
D???, Object
??Ir?, TripleOfDoubleBinaryOperators
A??I?, Object
6m^????, PairOfDoubleCoefficients
xrB]??, PairOfDoubleCoefficients
???9?, TripleOfDoubleBinaryOperators
o2????, null
 $jL?[f, TripleOfDoubleBinaryOperators
???Ld?, null
???)?\, Object
?$#VE?, PairOfDoubleCoefficients
P+?(?q, PairOfDoubleCoefficients
?????, TripleOfDoubleBinaryOperators
?=??>V?, null
?c???0, TripleOfDoubleBinaryOperators
??k???, TripleOfDoubleBinaryOperators
?????Z?, TripleOfDoubleBinaryOperators
R?1?J&, null
/?2 ??, null
7?9o??", TripleOfDoubleBinaryOperators
????;, null
?R???H, Object
?H)?, PairOfDoubleCoefficients
8?EYa??, PairOfDoubleCoefficients
q(Ze??, Object
oF????, PairOfDoubleCoefficients
{?d??47, null
??????, null
??E?C?, null
%md???, TripleOfDoubleBinaryOperators
?y??o??, TripleOfDoubleBinaryOperators
Y??>H,, TripleOfDoubleBinaryOperators
????|/, Object
?|/G?>, TripleOfDoubleBinaryOperators
!??????, PairOfDoubleCoefficients
Iz??D/, PairOfDoubleCoefficients
?l???-, TripleOfDoubleBinaryOperators
A	L=???, Object
 F???lm, null
???r?@, PairOfDoubleCoefficients
?r1?Z$, PairOfDoubleCoefficients
$?[??, Object
y??S, PairOfDoubleCoefficients
_?<x}?, null
e?j???, null
?????G, TripleOfDoubleBinaryOperators
<???jU, PairOfDoubleCoefficients
???*C, TripleOfDoubleBinaryOperators
^??@R>?, Object
??d????, Object
3???@?, TripleOfDoubleBinaryOperators
??D&Q^, null
?Q?M?I, null
! |??(, PairOfDoubleCoefficients
???c7?, PairOfDoubleCoefficients
??, PairOfDoubleCoefficients
???,!}, TripleOfDoubleBinaryOperators
E?????, PairOfDoubleCoefficients
??v`?, Object
?A??2*, PairOfDoubleCoefficients
???X, Object
??'??/?, null
????U?, TripleOfDoubleBinaryOperators
)l;??g3, null
??$?F, Object
)???, null
???_??, TripleOfDoubleBinaryOperators
????O?, PairOfDoubleCoefficients
??T~?BM, PairOfDoubleCoefficients
S????, Object
? ??-?k, Object
?IB??, TripleOfDoubleBinaryOperators
???JV?, null
s, null
3x2??, TripleOfDoubleBinaryOperators
e???D, PairOfDoubleCoefficients
,?c??,S, PairOfDoubleCoefficients
?5????, PairOfDoubleCoefficients
?>?@?, null
??P? , PairOfDoubleCoefficients
o2H??, Object
}?G?M?, null
??;??i, PairOfDoubleCoefficients
?3???t, PairOfDoubleCoefficients
?%???, Object
|}??3 , PairOfDoubleCoefficients
?:???o, Object
?????x, PairOfDoubleCoefficients
??V??A, TripleOfDoubleBinaryOperators
H???%u?, PairOfDoubleCoefficients
wI????, null
?"?Xdm?, null
H??[N?, Object
??j???G, TripleOfDoubleBinaryOperators
?X????, TripleOfDoubleBinaryOperators
1l??, null
????>, Object
p?egJ?, null
???qO<, PairOfDoubleCoefficients
???u, null
??3???o, PairOfDoubleCoefficients
??FV?, Object
UG?~?, TripleOfDoubleBinaryOperators
??7c??, null
?`B?,??, Object
?N????, PairOfDoubleCoefficients
ut?7??, Object
V!??SA, Object
?O@z??, null
}????f, Object
????, Object
??Vs?, null
gd?M, TripleOfDoubleBinaryOperators
AG??, TripleOfDoubleBinaryOperators
?\!???, PairOfDoubleCoefficients
?XFEP, PairOfDoubleCoefficients
??}?, null
, null
u?9v%r, Object
?????;, Object
N??, TripleOfDoubleBinaryOperators
??u]?K, null
c?W, null
<E7J?, PairOfDoubleCoefficients
'????-?, TripleOfDoubleBinaryOperators
1@????, Object
??D?R?e, PairOfDoubleCoefficients
k&W/??, null
?h????, TripleOfDoubleBinaryOperators
???K?, PairOfDoubleCoefficients
?R%?, PairOfDoubleCoefficients
7z%@?, TripleOfDoubleBinaryOperators
?k?;), PairOfDoubleCoefficients
?d?????, PairOfDoubleCoefficients
?5???	, Object
s???, null
??}_>?, null
???+???, TripleOfDoubleBinaryOperators
???m?o, TripleOfDoubleBinaryOperators
IM??,?, Object
?<???, PairOfDoubleCoefficients
?P?-, Object
???E, TripleOfDoubleBinaryOperators
?=C?'?, PairOfDoubleCoefficients
???vK, PairOfDoubleCoefficients
?zGR?, null
A/??Cs, null
qk?tR7&, null
?????;u, Object
tN??2, null
 ???.{?, TripleOfDoubleBinaryOperators
H???|?, PairOfDoubleCoefficients
>??ZrE, Object
l?[G3L4, null
?y?L?, TripleOfDoubleBinaryOperators
&?x?'`, PairOfDoubleCoefficients
?Z?X??Y, TripleOfDoubleBinaryOperators
&(#x?M, Object
??@??, Object
??m?b?, PairOfDoubleCoefficients
cF?9, Object
vWS??f>, PairOfDoubleCoefficients
??=?7?, PairOfDoubleCoefficients
0?????, Object
?????%, TripleOfDoubleBinaryOperators
?bb?L, PairOfDoubleCoefficients
	??4x,, PairOfDoubleCoefficients
??V<?, Object
??9???, PairOfDoubleCoefficients
????, Object
d[??j?>, PairOfDoubleCoefficients


?, TripleOfDoubleBinaryOperators
???~V??, null
S|F?, null
?b]??:, TripleOfDoubleBinaryOperators
16?L??t, PairOfDoubleCoefficients
???&??, null
?T??, TripleOfDoubleBinaryOperators
h3?[??, Object
r$*?&, PairOfDoubleCoefficients
1?, TripleOfDoubleBinaryOperators
?&\??e, Object
?@??-, PairOfDoubleCoefficients
E?V??, TripleOfDoubleBinaryOperators
??i^? c, null
???;?, PairOfDoubleCoefficients
??Mf?, Object
?M??:De, TripleOfDoubleBinaryOperators
????%, Object
?!??"?, Object
,}, Object
qO?%j], null
W?*?P??, PairOfDoubleCoefficients
l????, null
??E=?, PairOfDoubleCoefficients
#Y???M?, null
??IW??, null
?%?&??, PairOfDoubleCoefficients
6?i-?6, TripleOfDoubleBinaryOperators
?$???, PairOfDoubleCoefficients
| ???	n, PairOfDoubleCoefficients
????\$, Object
(?oJ?, Object
%?!L??, PairOfDoubleCoefficients
????N, PairOfDoubleCoefficients
:l?yr?o, PairOfDoubleCoefficients
?,?B??, Object
??$??r, null
tm??]FO, TripleOfDoubleBinaryOperators
gzK??, null
??t6!, TripleOfDoubleBinaryOperators
?cM*???, Object
????:, TripleOfDoubleBinaryOperators
??a?7, null
?o?w??, null
?????Y\, TripleOfDoubleBinaryOperators
X?Q?4?K, null
a??4??, PairOfDoubleCoefficients
?????, null
?k<?F ?, Object
&iSD?tj, Object
?IpR?t, PairOfDoubleCoefficients
uv8?=, PairOfDoubleCoefficients
!"E?#?E, TripleOfDoubleBinaryOperators
???}?, PairOfDoubleCoefficients
[????:?, PairOfDoubleCoefficients
??N?9??, null
tu??, PairOfDoubleCoefficients
??ft?, TripleOfDoubleBinaryOperators
uV?q?O?, Object
??n?, null
o??S?Q?, PairOfDoubleCoefficients
????U, PairOfDoubleCoefficients
?75???, PairOfDoubleCoefficients
[-rY4??, Object
???4?, Object
?, PairOfDoubleCoefficients
j????, Object
<j??V?, PairOfDoubleCoefficients
?????, PairOfDoubleCoefficients
????, TripleOfDoubleBinaryOperators
S????, PairOfDoubleCoefficients
?????, Object
???@?, PairOfDoubleCoefficients
&j???", TripleOfDoubleBinaryOperators
??$?l$?, null
???=??, Object
????, Object
??1???, PairOfDoubleCoefficients
i??3?\, Object
??kl?, Object
a_B?x_, TripleOfDoubleBinaryOperators
(PbS~?", null
A????, TripleOfDoubleBinaryOperators
6q?8Y%, Object
?>??Y??, TripleOfDoubleBinaryOperators
!WaC?, TripleOfDoubleBinaryOperators
0*\`f??, Object
?:??/, Object
Gi?U??, null
??&S?, TripleOfDoubleBinaryOperators
, null
?` ??a, TripleOfDoubleBinaryOperators
,?6?+, Object
c??, null

??G???, PairOfDoubleCoefficients
3?y???U, TripleOfDoubleBinaryOperators
??l?, PairOfDoubleCoefficients
??l??, PairOfDoubleCoefficients
?? ^?, PairOfDoubleCoefficients
	??vY9, TripleOfDoubleBinaryOperators
??8?@?, Object
??l2??$, null
??T'.?, null
, PairOfDoubleCoefficients
^yU???	, null
;?;-zd, Object
??n{?g, Object
??~RQu, PairOfDoubleCoefficients
5D?H?, TripleOfDoubleBinaryOperators
i	eT\?, Object
Q, Object
7A???	?, Object
?????>?, TripleOfDoubleBinaryOperators
tW?k??, PairOfDoubleCoefficients
???[??, PairOfDoubleCoefficients
)?????, Object
?1*?LYZ, null
??a??4, TripleOfDoubleBinaryOperators
??/91j?, TripleOfDoubleBinaryOperators
q???, null
qLQ?Tx?, null
??@???, Object
??]?c?, null
o?3>K?, Object
?"???, Object
??A??Tb, null
&?^, null
??E, Object
g?????, null
?<, TripleOfDoubleBinaryOperators
;?%??, PairOfDoubleCoefficients
?g?}?, null
?07l??, null
?n??H?, null
?SP??', PairOfDoubleCoefficients
4F-O???, TripleOfDoubleBinaryOperators
???6??$, Object
??(??(, null
n?V?, Object
??s??s, null
??,??Y, Object
 ??()F?, PairOfDoubleCoefficients
7k?Ã’\, null
??k?, Object
?????l, PairOfDoubleCoefficients
?R??)dn, PairOfDoubleCoefficients
???sF, PairOfDoubleCoefficients
??	<??\, null
????Ka	, TripleOfDoubleBinaryOperators
G??(??, PairOfDoubleCoefficients
u#	X?, Object
?KU5H??, TripleOfDoubleBinaryOperators
B????t, PairOfDoubleCoefficients
1????, null
B(?CCV, PairOfDoubleCoefficients
????F?, TripleOfDoubleBinaryOperators
G?Mg?E, PairOfDoubleCoefficients
?{?m??, TripleOfDoubleBinaryOperators
?????E, TripleOfDoubleBinaryOperators
??????, TripleOfDoubleBinaryOperators
a6%E?gE, TripleOfDoubleBinaryOperators
???	?(, Object
?y???, PairOfDoubleCoefficients
?f?b, PairOfDoubleCoefficients
?e?'\?^, Object
m?a???, TripleOfDoubleBinaryOperators
??'2#?N, PairOfDoubleCoefficients
/???t?, null
@??1?J, null
?u?29?*, TripleOfDoubleBinaryOperators
??(?, PairOfDoubleCoefficients
?/?????, null
???8?, PairOfDoubleCoefficients
]s?\*??, null
????rK, TripleOfDoubleBinaryOperators
I??m?e?, null
?i|K??., TripleOfDoubleBinaryOperators
??r??k, TripleOfDoubleBinaryOperators
??y?[e, TripleOfDoubleBinaryOperators
P y;???, Object
n??|, TripleOfDoubleBinaryOperators
H?Q?lH, PairOfDoubleCoefficients
???x?k, TripleOfDoubleBinaryOperators
??U?, Object
????,1, TripleOfDoubleBinaryOperators
+F-`V?, TripleOfDoubleBinaryOperators
c5?&]?, TripleOfDoubleBinaryOperators
???(?x?, null
??j??, null
???, TripleOfDoubleBinaryOperators
?w????, null
?j6?Cgx, null
5#????I, null
@Y??t?, TripleOfDoubleBinaryOperators
?F?Qr?, PairOfDoubleCoefficients
?N?rRN?, Object
B???j, Object
?????, TripleOfDoubleBinaryOperators
rgD???C, TripleOfDoubleBinaryOperators
B((?f\, Object
:A^O???, TripleOfDoubleBinaryOperators
?K???/?, PairOfDoubleCoefficients
I????? , PairOfDoubleCoefficients
?w??!2, null
??????, PairOfDoubleCoefficients
?h?Q??, null
?S(??, TripleOfDoubleBinaryOperators
"??y?, null
	7, null
???$A?, PairOfDoubleCoefficients
0H??$I, Object
9???9?, Object
?(??^V?, Object
??, Object
?g!FuP, PairOfDoubleCoefficients
qO???, null
?Ld, PairOfDoubleCoefficients
??????, TripleOfDoubleBinaryOperators
EK?u???, Object
??,rY?, Object
????o', Object
?F???, Object
u?;u;?, PairOfDoubleCoefficients
w?f?r?, TripleOfDoubleBinaryOperators
??-2?7?, Object
????w), PairOfDoubleCoefficients
?w?Wc, TripleOfDoubleBinaryOperators
R?j?L?{, null
???	nc, TripleOfDoubleBinaryOperators
????$?, Object
???? ?, null
4Z??J??, TripleOfDoubleBinaryOperators
4????3, PairOfDoubleCoefficients
;?C???, null
k??~?,, null
PK????, TripleOfDoubleBinaryOperators
_?????7, null
bYV??, null
??9???, Object
?B?4, null
??(???, TripleOfDoubleBinaryOperators
????, Object
y4L??o, TripleOfDoubleBinaryOperators
??????, PairOfDoubleCoefficients
??B?%?, PairOfDoubleCoefficients
???p, Object
R@?A=?, PairOfDoubleCoefficients
??>Oj , PairOfDoubleCoefficients
/?, TripleOfDoubleBinaryOperators
?????, TripleOfDoubleBinaryOperators
?kM??t;, Object
M???v?, PairOfDoubleCoefficients
?gf?pS?, null
?\?WY?r, PairOfDoubleCoefficients
?<'?J, PairOfDoubleCoefficients
H?6?, TripleOfDoubleBinaryOperators
s?4???, null
W???u?, PairOfDoubleCoefficients
?35R6?, Object
???X	, Object
J???K??, Object
;s?., null
.?g??w, TripleOfDoubleBinaryOperators
??b?R?, PairOfDoubleCoefficients
k:??6m, PairOfDoubleCoefficients
?@?4??, TripleOfDoubleBinaryOperators
?????, Object
s??BH?, PairOfDoubleCoefficients
????, TripleOfDoubleBinaryOperators
???p?, TripleOfDoubleBinaryOperators
??m?q??, null
U?~Wz??, null
`S\#?S?, Object
? ?X?%, PairOfDoubleCoefficients
?S?????, PairOfDoubleCoefficients
?v??FO, TripleOfDoubleBinaryOperators
?c?m??, PairOfDoubleCoefficients
??&f?o?, TripleOfDoubleBinaryOperators
u??	??, Object
?Qs?.k, null
???j??, null
{Q?Y, PairOfDoubleCoefficients
?CC??, Object
?E?y, null
	????x@, TripleOfDoubleBinaryOperators
2?XDi?, PairOfDoubleCoefficients
eQ<??, Object
d???V?T, null
??zn]?, TripleOfDoubleBinaryOperators
???:M, TripleOfDoubleBinaryOperators
Q?P?7N?, PairOfDoubleCoefficients
>????g, null
??{A??, PairOfDoubleCoefficients
???t???, PairOfDoubleCoefficients
't???, null
?U??_?H, null
?2?c'%;, null
, null
?F??A?, null
w?j??, PairOfDoubleCoefficients
????, null
?V??W?N, PairOfDoubleCoefficients
???I?, TripleOfDoubleBinaryOperators
?+p??E, null
n3dD?S?, PairOfDoubleCoefficients
? @???, null
?, TripleOfDoubleBinaryOperators
???S??, TripleOfDoubleBinaryOperators
??? ?, PairOfDoubleCoefficients
????\?, Object
?D s?, PairOfDoubleCoefficients
Co?$6?[, PairOfDoubleCoefficients
???{??, TripleOfDoubleBinaryOperators
?"?%'2, PairOfDoubleCoefficients
??:???b, null
?????i?, null
??a?[?, PairOfDoubleCoefficients
?s???, Object
???h?u?, Object
??M??, PairOfDoubleCoefficients
u???!is, TripleOfDoubleBinaryOperators
?z??k2, PairOfDoubleCoefficients
??\]%A, PairOfDoubleCoefficients
?r??r??, null
H??ON5Y, null
??Y	???, null
<?0???, null
?, Object
p?(3, Object
[u?*n?, PairOfDoubleCoefficients
\4??X, Object
Z?o4?, Object
<6X???, TripleOfDoubleBinaryOperators
2?z6??, PairOfDoubleCoefficients
?J??^?, PairOfDoubleCoefficients
???V?k9, PairOfDoubleCoefficients
1(e???, Object
??&??,], PairOfDoubleCoefficients
?t?????, Object
??H?R??, PairOfDoubleCoefficients
?+???, null
?????, null
??u?9`2, null
??q?, null
?_???w, TripleOfDoubleBinaryOperators
????, Object
7?Â ?, null
f??i%??, Object
*0K;???, PairOfDoubleCoefficients
)C?z?2?, TripleOfDoubleBinaryOperators
?'???, PairOfDoubleCoefficients
	??~?g, null
E`4?v6w, Object
?]?&v?, null
?-??E, TripleOfDoubleBinaryOperators
b?Q?`?, PairOfDoubleCoefficients
???, TripleOfDoubleBinaryOperators
??(??, Object
???t?y?, null
S????, PairOfDoubleCoefficients
?3 ?Y?, null
S?????, TripleOfDoubleBinaryOperators
??J+i?, null
?6V??, null
<?)?, TripleOfDoubleBinaryOperators
?G??, TripleOfDoubleBinaryOperators
j=0`l!, PairOfDoubleCoefficients
?n?P?, Object
???, null
?????, PairOfDoubleCoefficients
???tB?, null

?Itw??, null
6?r??p, null
:?KCm?, null
???d?, Object
?PV?T??, TripleOfDoubleBinaryOperators
eI???#?, null
!???<?, PairOfDoubleCoefficients
??F?, Object
??@{>, PairOfDoubleCoefficients
???#@r,, null
?#?6??, PairOfDoubleCoefficients
rPq?+?, Object
?4?q??, TripleOfDoubleBinaryOperators
	??T!U, TripleOfDoubleBinaryOperators
??, PairOfDoubleCoefficients
Y??|?, PairOfDoubleCoefficients
?U??N?, TripleOfDoubleBinaryOperators
J????1?, Object
???Vx?, null
??H???, Object
Y_, TripleOfDoubleBinaryOperators
o, null
??m???, Object
g????, TripleOfDoubleBinaryOperators
.dXx6, TripleOfDoubleBinaryOperators
?0??t??, TripleOfDoubleBinaryOperators
(0?}??, Object
??????, Object
??.7{?, TripleOfDoubleBinaryOperators
?O?@?T, null
 ?*Z??r, PairOfDoubleCoefficients
 ????, Object
??[?K;, null
L???5?, PairOfDoubleCoefficients
?Q`}??, Object
?=?(??+, Object
?_???HD, null
( ???, PairOfDoubleCoefficients
?.?? ?, Object
?eC?1?u, PairOfDoubleCoefficients
???a??5, null
e^?;?, TripleOfDoubleBinaryOperators
`+????, null
*??'??, Object
?I/}??, null
 ????d1, PairOfDoubleCoefficients
N[?yS\, PairOfDoubleCoefficients
`Y??, null
???Y?S, Object
?l1?5*, TripleOfDoubleBinaryOperators
?2<?V?, PairOfDoubleCoefficients
\?P???, Object
c??"??, TripleOfDoubleBinaryOperators
?? ??3?, null
???(}?b, TripleOfDoubleBinaryOperators
?W???, TripleOfDoubleBinaryOperators
)?{7R, Object
{I}?q?, PairOfDoubleCoefficients
?}, TripleOfDoubleBinaryOperators
?????, PairOfDoubleCoefficients
?w:???U, null
?'R@?'?, PairOfDoubleCoefficients
ios????, TripleOfDoubleBinaryOperators
T?r?, null
??B(!??, TripleOfDoubleBinaryOperators
?+j`??, null
???3OO, PairOfDoubleCoefficients
??.??, Object
t7?g, null
??//?2R, TripleOfDoubleBinaryOperators
??&I?s, PairOfDoubleCoefficients
?? ?h??, TripleOfDoubleBinaryOperators
$?????, TripleOfDoubleBinaryOperators
A3???N, PairOfDoubleCoefficients
7???Q, Object
?9???, null
???b@z?, TripleOfDoubleBinaryOperators
^Zj?Z, Object
?q{???, null
,?}d, TripleOfDoubleBinaryOperators
??7?ZY, TripleOfDoubleBinaryOperators
T@????, TripleOfDoubleBinaryOperators
?:?, PairOfDoubleCoefficients
H?T???, null
?r??S, TripleOfDoubleBinaryOperators
?L/O, PairOfDoubleCoefficients
?b?65??, Object
????, PairOfDoubleCoefficients
04?9?, PairOfDoubleCoefficients
?????, Object
??1?, PairOfDoubleCoefficients
.?Xu??, TripleOfDoubleBinaryOperators
@?j<??#, PairOfDoubleCoefficients
??b?z?m, PairOfDoubleCoefficients
N?{, Object
{???, PairOfDoubleCoefficients
????, TripleOfDoubleBinaryOperators
??Ll? , PairOfDoubleCoefficients
N????, null
?E????L, Object
SH1?3?, Object
????, TripleOfDoubleBinaryOperators
?#b?/?], Object
 ?L??*, TripleOfDoubleBinaryOperators
x?#??r, null
2???r, null
`???b?_, null
?}T/?, PairOfDoubleCoefficients
??m?0@D, null
FUW??D, PairOfDoubleCoefficients
d?hF?), PairOfDoubleCoefficients
#?A?wL, Object
"???D?, null
?????, null
(??U5?C, null
45?v?R?, PairOfDoubleCoefficients
w1??oK%, Object
@'K???, PairOfDoubleCoefficients
?*t&]?, Object
t1?!nz	, PairOfDoubleCoefficients
P?O??, null
5?d#?7?, PairOfDoubleCoefficients
?h?O?, null
?r???, TripleOfDoubleBinaryOperators
Kj?5k?, PairOfDoubleCoefficients
>}SIH, TripleOfDoubleBinaryOperators
%???.?}, null
7{5?X`?, PairOfDoubleCoefficients
? ?????, null
?3-5, null
???Cm?, PairOfDoubleCoefficients
 D%?<??, null
O@Ux??, TripleOfDoubleBinaryOperators
?^??}?, Object
RB?dB?, null
U??{C=, TripleOfDoubleBinaryOperators
,>??p?, Object
J$?7D?, TripleOfDoubleBinaryOperators
?~Ãœa??, Object
?k?b??), Object
???u??, Object
bn{], PairOfDoubleCoefficients
?^?R???, TripleOfDoubleBinaryOperators
????*??, Object
[i?R??, Object
?r
??, null
??;zb, Object
K?? ?d, null
*G??SP, PairOfDoubleCoefficients
,N???"?, null
??L???c, null
?!?E?4, Object
?|e"?, PairOfDoubleCoefficients
1???*?, Object
???!O?, PairOfDoubleCoefficients
??ZB?Z, Object
?%????, TripleOfDoubleBinaryOperators
?tq??4, TripleOfDoubleBinaryOperators
??[)??j, Object
?????s=, PairOfDoubleCoefficients
%";v?%o, TripleOfDoubleBinaryOperators
??????, TripleOfDoubleBinaryOperators
D?H?, null
???a&, null
F???, Object
??Y?8?, null
*???R", TripleOfDoubleBinaryOperators
@E????, Object
pQ??%N, PairOfDoubleCoefficients
?,/?E, null
6????, TripleOfDoubleBinaryOperators
'??g?, Object
?`?G??, null
f????|, Object
?s?s2, null
???bM?, Object
A???}, null
?_pqIK?, PairOfDoubleCoefficients
??hxI, TripleOfDoubleBinaryOperators
(????, TripleOfDoubleBinaryOperators
.???P?, null
J)r?ul, TripleOfDoubleBinaryOperators
5?{???, TripleOfDoubleBinaryOperators
??P, Object
XZp?t?, TripleOfDoubleBinaryOperators
"??F??, null
????x, PairOfDoubleCoefficients
?????Z, Object
x\*/??, TripleOfDoubleBinaryOperators
???, Object
????f?, TripleOfDoubleBinaryOperators
H-?]/?Y, TripleOfDoubleBinaryOperators
???,_??, Object
~+G>u, null
t?Z??Z, TripleOfDoubleBinaryOperators
?M?
?, null
???$, PairOfDoubleCoefficients
?i???, TripleOfDoubleBinaryOperators
???c&#, TripleOfDoubleBinaryOperators
?(k"+h[, Object
x??C?, null
?p?@??=, Object
?t?N5?, PairOfDoubleCoefficients
d"?%??, PairOfDoubleCoefficients
/???9? , PairOfDoubleCoefficients
@? ?@?~, Object
?r_?p, Object
?+??@L?, PairOfDoubleCoefficients
hs$#f, Object
????s?, Object
??!Lk*, PairOfDoubleCoefficients
?8??B?, TripleOfDoubleBinaryOperators
`]?*???, null
??Agsv?, TripleOfDoubleBinaryOperators
9W???l, Object
?1@9?, null
P???, null
N??_?a, PairOfDoubleCoefficients
?X?|k?, TripleOfDoubleBinaryOperators
????G, Object
??>~0, null
gSFH?G?, null
?V???, TripleOfDoubleBinaryOperators
??/?Ã›, TripleOfDoubleBinaryOperators
,J$s?, PairOfDoubleCoefficients
G??? ??, TripleOfDoubleBinaryOperators
???S??, PairOfDoubleCoefficients
???2Y??, null
?q??PP, Object
F?Q?, TripleOfDoubleBinaryOperators
p?H,?y, PairOfDoubleCoefficients
?)'l??, TripleOfDoubleBinaryOperators
??, TripleOfDoubleBinaryOperators
0@??y?, Object
F???*?, TripleOfDoubleBinaryOperators
?l/???, null
??z???, Object
'6u!R	, Object
?p-??d, PairOfDoubleCoefficients
?8$), Object
???I?, null
m??G?c, null
?T?5?, null
?f?u;), null
?!??i?), Object
???	}, null
?????, PairOfDoubleCoefficients
????", null
??|?qB?, null
v{?#*??, Object
?V?)J??, PairOfDoubleCoefficients
??DE?, TripleOfDoubleBinaryOperators
:??0I?, null
Ex???:, null
0?N?K2, TripleOfDoubleBinaryOperators
?w?Qz?, PairOfDoubleCoefficients
?g??H?., null
?????, null
???K?", TripleOfDoubleBinaryOperators
?Ii?? , null
t?l?A?, PairOfDoubleCoefficients
??<??f?, Object
?:???h?, TripleOfDoubleBinaryOperators
???, null
 ??B;, PairOfDoubleCoefficients
??V4vD?, TripleOfDoubleBinaryOperators
?OW??[, TripleOfDoubleBinaryOperators
p???%2, null
??????, TripleOfDoubleBinaryOperators
X??=?D, Object
??L0, null
+-???4, null
???j?, null
p?5??, TripleOfDoubleBinaryOperators
fP??+:, TripleOfDoubleBinaryOperators
Z`??l??, null
?0?G?@, Object
??Lq_?, TripleOfDoubleBinaryOperators
?????, null
??[?lq?, null
?p????0, Object
??????|, PairOfDoubleCoefficients
5?wRP', PairOfDoubleCoefficients
+?X?, TripleOfDoubleBinaryOperators
*`?YÃµ?, Object
?tA?S?, PairOfDoubleCoefficients
i??S?Q?, PairOfDoubleCoefficients
?p*?r??, Object
X?$o?:, TripleOfDoubleBinaryOperators
?~???, null
?}FC???, null
??G=??, PairOfDoubleCoefficients
?GX?h?, null
????R, null
;?5*??Q, PairOfDoubleCoefficients
??x}, null
?D???, PairOfDoubleCoefficients
c?v&O??, null
.Z??EU, TripleOfDoubleBinaryOperators
??????, TripleOfDoubleBinaryOperators
$W????}, TripleOfDoubleBinaryOperators
 C?I3?, null
Y??9@&, PairOfDoubleCoefficients
?dJ?O?, Object
p%F???, PairOfDoubleCoefficients
???I??, TripleOfDoubleBinaryOperators
???`??, PairOfDoubleCoefficients
tfS?I?L, PairOfDoubleCoefficients
??T??", null
R)?:??, PairOfDoubleCoefficients
??C?, null
9????-, PairOfDoubleCoefficients
??_?}, Object
=????, PairOfDoubleCoefficients
?2XrsP?, Object
???f??, Object
?P4??, TripleOfDoubleBinaryOperators
&???g, PairOfDoubleCoefficients
??5uK, Object
H??2?, TripleOfDoubleBinaryOperators
??[?V??, TripleOfDoubleBinaryOperators
id??, TripleOfDoubleBinaryOperators
?f3*(?, TripleOfDoubleBinaryOperators
?02X??, null
?????-, TripleOfDoubleBinaryOperators
??Lz??, PairOfDoubleCoefficients
(?M??Tw, TripleOfDoubleBinaryOperators
2K??, TripleOfDoubleBinaryOperators
?%?#~l?, TripleOfDoubleBinaryOperators
c????I, PairOfDoubleCoefficients
w.?o91?, Object
N?n??, PairOfDoubleCoefficients
???4O?, PairOfDoubleCoefficients
?P???, Object
P?7FF?4, null
?????, PairOfDoubleCoefficients
?z3??, null
???, TripleOfDoubleBinaryOperators
??X?, null
I?3/h??, PairOfDoubleCoefficients
Eu??h, Object
?,+?, Object
??[B??, PairOfDoubleCoefficients
??6@?, TripleOfDoubleBinaryOperators
?%$c[, PairOfDoubleCoefficients
?}??zX?, PairOfDoubleCoefficients
?c??, null
?3e?9N?, PairOfDoubleCoefficients
?\??`, Object
8fNi???, PairOfDoubleCoefficients
?@?E?t, PairOfDoubleCoefficients
???"?, null
 ?)??, PairOfDoubleCoefficients
???d?[?, TripleOfDoubleBinaryOperators
???}/?, Object
???"?, null
??X?^?, TripleOfDoubleBinaryOperators
~?>?Â¡, null
{?????, TripleOfDoubleBinaryOperators
??2QY?], PairOfDoubleCoefficients
?r'?;?, TripleOfDoubleBinaryOperators
?UA?iJ?, PairOfDoubleCoefficients
?Nm?X, null
?G?ZC>?, Object
?2V???, Object
????,, Object
???&{?, null
j?3??, TripleOfDoubleBinaryOperators
i42??f, null
??%?k?, null
o,?,?, TripleOfDoubleBinaryOperators
$?T???), Object
??0?8, PairOfDoubleCoefficients
?8??)??, TripleOfDoubleBinaryOperators
??|???w, PairOfDoubleCoefficients

????, Object
??v, TripleOfDoubleBinaryOperators
?-n?, Object
z4Y?, Object
?"????, PairOfDoubleCoefficients
???, PairOfDoubleCoefficients
?f9?0, TripleOfDoubleBinaryOperators
??z?o?, PairOfDoubleCoefficients
